username,ip,city,region,country,latitude,longitude,os,browser,time
Kalua,127.0.0.1,,,,,,2025-08-03 15:36:45,Windows,chrome 138.0.0.0
Kalua,127.0.0.1,,,,,,2025-08-03 15:36:46,Windows,chrome 138.0.0.0
raz,127.0.0.1,,,,,,2025-08-03 16:24:40,Windows,edge 138.0.0.0
raz,127.0.0.1,,,,,,2025-08-03 20:00:20,Windows,chrome 138.0.0.0
kalua,127.0.0.1,,,,,,2025-08-03 20:01:59,Windows,chrome 138.0.0.0
raz,127.0.0.1,,,,,,2025-08-03 20:03:44,Windows,chrome 138.0.0.0
raz,127.0.0.1,,,,,,2025-08-03 20:03:45,Windows,chrome 138.0.0.0
raz,127.0.0.1,,,,,,2025-08-03 20:04:38,Windows,chrome 138.0.0.0
raz,127.0.0.1,,,,,,2025-08-03 20:07:39,Windows,chrome 138.0.0.0
raz,127.0.0.1,,,,,,2025-08-03 20:09:33,Windows,chrome 138.0.0.0
raz,127.0.0.1,,,,,,2025-08-03 20:09:34,Windows,chrome 138.0.0.0
raz,127.0.0.1,,,,,,2025-08-03 20:10:12,Windows,chrome 138.0.0.0
raz,127.0.0.1,,,,,,2025-08-03 20:11:30,Windows,chrome 138.0.0.0
raz,127.0.0.1,,,,,,2025-08-03 20:19:51,Windows,chrome 138.0.0.0
raz,127.0.0.1,,,,,,2025-08-03 20:24:50,Windows,chrome 138.0.0.0
raz,127.0.0.1,,,,,,2025-08-03 20:54:45,Windows,chrome 138.0.0.0
raz,127.0.0.1,,,,,,2025-08-03 20:54:47,Windows,chrome 138.0.0.0
raz,127.0.0.1,,,,,,2025-08-03 21:14:33,Windows,chrome 138.0.0.0
raz,127.0.0.1,,,,,,2025-08-03 21:16:33,Windows,chrome 138.0.0.0
raz,127.0.0.1,,,,,,2025-08-03 21:18:52,Windows,chrome 138.0.0.0
raz,127.0.0.1,,,,,,2025-08-03 21:23:59,Windows,chrome 138.0.0.0
raz,127.0.0.1,,,,,,2025-08-03 21:24:01,Windows,chrome 138.0.0.0
raz,127.0.0.1,,,,,,2025-08-03 21:35:14,Windows,chrome 138.0.0.0
raz,127.0.0.1,,,,,,2025-08-03 21:39:05,Windows,chrome 138.0.0.0
raz,127.0.0.1,,,,,,2025-08-03 21:48:34,Windows,chrome 138.0.0.0
raz,127.0.0.1,,,,,,2025-08-06 16:05:39,Windows,chrome 138.0.0.0
raz,127.0.0.1,,,,,,2025-08-06 16:07:25,Windows,chrome 138.0.0.0
raz,127.0.0.1,,,,,,2025-08-06 16:34:30,Windows,chrome 138.0.0.0
